meta_ad_name,landing_page,ad_url_with_utms
NO CREDIT HIT CHECK,https://stonehavencre.com/heloc/no-credit-impact,https://stonehavencre.com/heloc/no-credit-impact?utm_source=facebook&utm_medium=paid&utm_campaign=heloc_new_lps&utm_content=no-credit-hit-check
FICO FLOOR,https://stonehavencre.com/heloc/terms-stated-plainly,https://stonehavencre.com/heloc/terms-stated-plainly?utm_source=facebook&utm_medium=paid&utm_campaign=heloc_new_lps&utm_content=fico-floor
AMOUNT LADDER,https://stonehavencre.com/heloc/how-much-equity,https://stonehavencre.com/heloc/how-much-equity?utm_source=facebook&utm_medium=paid&utm_campaign=heloc_new_lps&utm_content=amount-ladder
HOME IMPROVEMENT,https://stonehavencre.com/heloc/renovate-keep-your-rate,https://stonehavencre.com/heloc/renovate-keep-your-rate?utm_source=facebook&utm_medium=paid&utm_campaign=heloc_new_lps&utm_content=home-improvement
AVM SPEED,https://stonehavencre.com/heloc/home-value-estimate,https://stonehavencre.com/heloc/home-value-estimate?utm_source=facebook&utm_medium=paid&utm_campaign=heloc_new_lps&utm_content=avm-speed
VETERAN EQUITY,https://stonehavencre.com/heloc/veteran-equity,https://stonehavencre.com/heloc/veteran-equity?utm_source=facebook&utm_medium=paid&utm_campaign=heloc_new_lps&utm_content=veteran-equity
DEBT CONSOLIDATION,https://stonehavencre.com/heloc/one-payment,https://stonehavencre.com/heloc/one-payment?utm_source=facebook&utm_medium=paid&utm_campaign=heloc_new_lps&utm_content=debt-consolidation&intent=consolidation
EXPLAINER,https://stonehavencre.com/heloc/cash-out-refi-or-heloc,https://stonehavencre.com/heloc/cash-out-refi-or-heloc?utm_source=facebook&utm_medium=paid&utm_campaign=heloc_new_lps&utm_content=explainer
LOCK IN HERO,https://stonehavencre.com/heloc/keep-your-rate,https://stonehavencre.com/heloc/keep-your-rate?utm_source=facebook&utm_medium=paid&utm_campaign=heloc_new_lps&utm_content=lock-in-hero
