destination_id,product,audience_or_variant,language,clean_url,ad_url_with_utms,status
HELOC-WIZARD,HELOC,HELOC wizard (10-step),EN,https://stonehavencre.com/heloc-wizard,https://stonehavencre.com/heloc-wizard?utm_source=facebook&utm_medium=paid&utm_campaign=heloc_personas&utm_content=wizard,LIVE
HELOC-INSTANT,HELOC,HELOC instant (phone-first),EN,https://stonehavencre.com/heloc-instant,https://stonehavencre.com/heloc-instant?utm_source=facebook&utm_medium=paid&utm_campaign=heloc_personas&utm_content=instant,LIVE
HELOC-WIZARD-ES,HELOC,HELOC wizard Spanish,ES,https://stonehavencre.com/es/heloc-wizard,https://stonehavencre.com/es/heloc-wizard?utm_source=facebook&utm_medium=paid&utm_campaign=heloc_personas&utm_content=wizard-es,LIVE
HELOC-INSTANT-ES,HELOC,HELOC instant Spanish,ES,https://stonehavencre.com/es/heloc-instant,https://stonehavencre.com/es/heloc-instant?utm_source=facebook&utm_medium=paid&utm_campaign=heloc_personas&utm_content=instant-es,LIVE
HELOC-homeowners-ren,HELOC,Homeowners (renovation),EN,https://stonehavencre.com/heloc/homeowners,https://stonehavencre.com/heloc/homeowners?intent=renovation&utm_source=facebook&utm_medium=paid&utm_campaign=heloc_personas&utm_content=homeowners-ren,LIVE
HELOC-homeowners-con,HELOC,Homeowners (consolidation),EN,https://stonehavencre.com/heloc/homeowners,https://stonehavencre.com/heloc/homeowners?intent=consolidation&utm_source=facebook&utm_medium=paid&utm_campaign=heloc_personas&utm_content=homeowners-con,LIVE
HELOC-veteran-homeowners-ren,HELOC,Veteran homeowners (renovation),EN,https://stonehavencre.com/heloc/veteran-homeowners,https://stonehavencre.com/heloc/veteran-homeowners?intent=renovation&utm_source=facebook&utm_medium=paid&utm_campaign=heloc_personas&utm_content=veteran-homeowners-ren,LIVE
HELOC-veteran-homeowners-con,HELOC,Veteran homeowners (consolidation),EN,https://stonehavencre.com/heloc/veteran-homeowners,https://stonehavencre.com/heloc/veteran-homeowners?intent=consolidation&utm_source=facebook&utm_medium=paid&utm_campaign=heloc_personas&utm_content=veteran-homeowners-con,LIVE
HELOC-career-moms-ren,HELOC,Busy working households (renovation),EN,https://stonehavencre.com/heloc/career-moms,https://stonehavencre.com/heloc/career-moms?intent=renovation&utm_source=facebook&utm_medium=paid&utm_campaign=heloc_personas&utm_content=career-moms-ren,LIVE
HELOC-career-moms-con,HELOC,Busy working households (consolidation),EN,https://stonehavencre.com/heloc/career-moms,https://stonehavencre.com/heloc/career-moms?intent=consolidation&utm_source=facebook&utm_medium=paid&utm_campaign=heloc_personas&utm_content=career-moms-con,LIVE
HELOC-empty-nesters-ren,HELOC,Households rethinking space (renovation),EN,https://stonehavencre.com/heloc/empty-nesters,https://stonehavencre.com/heloc/empty-nesters?intent=renovation&utm_source=facebook&utm_medium=paid&utm_campaign=heloc_personas&utm_content=empty-nesters-ren,LIVE
HELOC-empty-nesters-con,HELOC,Households rethinking space (consolidation),EN,https://stonehavencre.com/heloc/empty-nesters,https://stonehavencre.com/heloc/empty-nesters?intent=consolidation&utm_source=facebook&utm_medium=paid&utm_campaign=heloc_personas&utm_content=empty-nesters-con,LIVE
HELOC-staying-put-ren,HELOC,Long-term homeowners (renovation),EN,https://stonehavencre.com/heloc/staying-put,https://stonehavencre.com/heloc/staying-put?intent=renovation&utm_source=facebook&utm_medium=paid&utm_campaign=heloc_personas&utm_content=staying-put-ren,LIVE
HELOC-staying-put-con,HELOC,Long-term homeowners (consolidation),EN,https://stonehavencre.com/heloc/staying-put,https://stonehavencre.com/heloc/staying-put?intent=consolidation&utm_source=facebook&utm_medium=paid&utm_campaign=heloc_personas&utm_content=staying-put-con,LIVE
HELOC-next-chapter-ren,HELOC,Planning toward retirement (renovation),EN,https://stonehavencre.com/heloc/next-chapter,https://stonehavencre.com/heloc/next-chapter?intent=renovation&utm_source=facebook&utm_medium=paid&utm_campaign=heloc_personas&utm_content=next-chapter-ren,LIVE
HELOC-next-chapter-con,HELOC,Planning toward retirement (consolidation),EN,https://stonehavencre.com/heloc/next-chapter,https://stonehavencre.com/heloc/next-chapter?intent=consolidation&utm_source=facebook&utm_medium=paid&utm_campaign=heloc_personas&utm_content=next-chapter-con,LIVE
HELOC-multigenerational-living-ren,HELOC,Multigenerational households (renovation),EN,https://stonehavencre.com/heloc/multigenerational-living,https://stonehavencre.com/heloc/multigenerational-living?intent=renovation&utm_source=facebook&utm_medium=paid&utm_campaign=heloc_personas&utm_content=multigenerational-living-ren,LIVE
HELOC-multigenerational-living-con,HELOC,Multigenerational households (consolidation),EN,https://stonehavencre.com/heloc/multigenerational-living,https://stonehavencre.com/heloc/multigenerational-living?intent=consolidation&utm_source=facebook&utm_medium=paid&utm_campaign=heloc_personas&utm_content=multigenerational-living-con,LIVE
HELOC-busy-family-households-ren,HELOC,Households balancing many responsibilities (renovation),EN,https://stonehavencre.com/heloc/busy-family-households,https://stonehavencre.com/heloc/busy-family-households?intent=renovation&utm_source=facebook&utm_medium=paid&utm_campaign=heloc_personas&utm_content=busy-family-households-ren,LIVE
HELOC-busy-family-households-con,HELOC,Households balancing many responsibilities (consolidation),EN,https://stonehavencre.com/heloc/busy-family-households,https://stonehavencre.com/heloc/busy-family-households?intent=consolidation&utm_source=facebook&utm_medium=paid&utm_campaign=heloc_personas&utm_content=busy-family-households-con,LIVE
HELOC-home-office-ren,HELOC,Professionals working from home (renovation),EN,https://stonehavencre.com/heloc/home-office,https://stonehavencre.com/heloc/home-office?intent=renovation&utm_source=facebook&utm_medium=paid&utm_campaign=heloc_personas&utm_content=home-office-ren,LIVE
HELOC-home-office-con,HELOC,Professionals working from home (consolidation),EN,https://stonehavencre.com/heloc/home-office,https://stonehavencre.com/heloc/home-office?intent=consolidation&utm_source=facebook&utm_medium=paid&utm_campaign=heloc_personas&utm_content=home-office-con,LIVE
HELOC-shift-workers-ren,HELOC,Professionals with demanding schedules (renovation),EN,https://stonehavencre.com/heloc/shift-workers,https://stonehavencre.com/heloc/shift-workers?intent=renovation&utm_source=facebook&utm_medium=paid&utm_campaign=heloc_personas&utm_content=shift-workers-ren,LIVE
HELOC-shift-workers-con,HELOC,Professionals with demanding schedules (consolidation),EN,https://stonehavencre.com/heloc/shift-workers,https://stonehavencre.com/heloc/shift-workers?intent=consolidation&utm_source=facebook&utm_medium=paid&utm_campaign=heloc_personas&utm_content=shift-workers-con,LIVE
HELOC-educators-ren,HELOC,Teachers and school staff (renovation),EN,https://stonehavencre.com/heloc/educators,https://stonehavencre.com/heloc/educators?intent=renovation&utm_source=facebook&utm_medium=paid&utm_campaign=heloc_personas&utm_content=educators-ren,LIVE
HELOC-educators-con,HELOC,Teachers and school staff (consolidation),EN,https://stonehavencre.com/heloc/educators,https://stonehavencre.com/heloc/educators?intent=consolidation&utm_source=facebook&utm_medium=paid&utm_campaign=heloc_personas&utm_content=educators-con,LIVE
HELOC-contractor-quotes-ren,HELOC,Homeowners holding renovation quotes (renovation),EN,https://stonehavencre.com/heloc/contractor-quotes,https://stonehavencre.com/heloc/contractor-quotes?intent=renovation&utm_source=facebook&utm_medium=paid&utm_campaign=heloc_personas&utm_content=contractor-quotes-ren,LIVE
HELOC-contractor-quotes-con,HELOC,Homeowners holding renovation quotes (consolidation),EN,https://stonehavencre.com/heloc/contractor-quotes,https://stonehavencre.com/heloc/contractor-quotes?intent=consolidation&utm_source=facebook&utm_medium=paid&utm_campaign=heloc_personas&utm_content=contractor-quotes-con,LIVE
HELOC-unfinished-projects-ren,HELOC,DIY renovators mid-project (renovation),EN,https://stonehavencre.com/heloc/unfinished-projects,https://stonehavencre.com/heloc/unfinished-projects?intent=renovation&utm_source=facebook&utm_medium=paid&utm_campaign=heloc_personas&utm_content=unfinished-projects-ren,LIVE
HELOC-unfinished-projects-con,HELOC,DIY renovators mid-project (consolidation),EN,https://stonehavencre.com/heloc/unfinished-projects,https://stonehavencre.com/heloc/unfinished-projects?intent=consolidation&utm_source=facebook&utm_medium=paid&utm_campaign=heloc_personas&utm_content=unfinished-projects-con,LIVE
HELOC-someday-project-ren,HELOC,Homeowners with a postponed project (renovation),EN,https://stonehavencre.com/heloc/someday-project,https://stonehavencre.com/heloc/someday-project?intent=renovation&utm_source=facebook&utm_medium=paid&utm_campaign=heloc_personas&utm_content=someday-project-ren,LIVE
HELOC-someday-project-con,HELOC,Homeowners with a postponed project (consolidation),EN,https://stonehavencre.com/heloc/someday-project,https://stonehavencre.com/heloc/someday-project?intent=consolidation&utm_source=facebook&utm_medium=paid&utm_campaign=heloc_personas&utm_content=someday-project-con,LIVE
HELOC-self-employed-homeowners-ren,HELOC,Self-employed homeowners (renovation),EN,https://stonehavencre.com/heloc/self-employed-homeowners,https://stonehavencre.com/heloc/self-employed-homeowners?intent=renovation&utm_source=facebook&utm_medium=paid&utm_campaign=heloc_personas&utm_content=self-employed-homeowners-ren,LIVE
HELOC-self-employed-homeowners-con,HELOC,Self-employed homeowners (consolidation),EN,https://stonehavencre.com/heloc/self-employed-homeowners,https://stonehavencre.com/heloc/self-employed-homeowners?intent=consolidation&utm_source=facebook&utm_medium=paid&utm_campaign=heloc_personas&utm_content=self-employed-homeowners-con,LIVE
HELOC-first-home-upgrades-ren,HELOC,Recent first-time homeowners (renovation),EN,https://stonehavencre.com/heloc/first-home-upgrades,https://stonehavencre.com/heloc/first-home-upgrades?intent=renovation&utm_source=facebook&utm_medium=paid&utm_campaign=heloc_personas&utm_content=first-home-upgrades-ren,LIVE
HELOC-first-home-upgrades-con,HELOC,Recent first-time homeowners (consolidation),EN,https://stonehavencre.com/heloc/first-home-upgrades,https://stonehavencre.com/heloc/first-home-upgrades?intent=consolidation&utm_source=facebook&utm_medium=paid&utm_campaign=heloc_personas&utm_content=first-home-upgrades-con,LIVE
DSCR-A001,DSCR,Experienced landlords,EN,https://stonehavencre.com/dscr/experienced-landlords,https://stonehavencre.com/dscr/experienced-landlords?utm_source=facebook&utm_medium=paid&utm_campaign=dscr_personas&utm_content=DSCR-A001_R01_V01_EN,LIVE
DSCR-A002,DSCR,First-time rental investors,EN,https://stonehavencre.com/dscr/first-time-investors,https://stonehavencre.com/dscr/first-time-investors?utm_source=facebook&utm_medium=paid&utm_campaign=dscr_personas&utm_content=DSCR-A002_R01_V01_EN,LIVE
DSCR-A003,DSCR,Self-employed investors,EN,https://stonehavencre.com/dscr/self-employed-investors,https://stonehavencre.com/dscr/self-employed-investors?utm_source=facebook&utm_medium=paid&utm_campaign=dscr_personas&utm_content=DSCR-A003_R01_V01_EN,LIVE
DSCR-A004,DSCR,Working professionals,EN,https://stonehavencre.com/dscr/working-professionals,https://stonehavencre.com/dscr/working-professionals?utm_source=facebook&utm_medium=paid&utm_campaign=dscr_personas&utm_content=DSCR-A004_R01_V01_EN,LIVE
DSCR-A005,DSCR,Out-of-state investors,EN,https://stonehavencre.com/dscr/out-of-state-investors,https://stonehavencre.com/dscr/out-of-state-investors?utm_source=facebook&utm_medium=paid&utm_campaign=dscr_personas&utm_content=DSCR-A005_R01_V01_EN,LIVE
DSCR-A006,DSCR,Portfolio growth,EN,https://stonehavencre.com/dscr/portfolio-growth,https://stonehavencre.com/dscr/portfolio-growth?utm_source=facebook&utm_medium=paid&utm_campaign=dscr_personas&utm_content=DSCR-A006_R01_V01_EN,LIVE
DSCR-A007,DSCR,Rental cash-out refinance,EN,https://stonehavencre.com/dscr/cash-out-refinance,https://stonehavencre.com/dscr/cash-out-refinance?utm_source=facebook&utm_medium=paid&utm_campaign=dscr_personas&utm_content=DSCR-A007_R01_V01_EN,LIVE
DSCR-A008,DSCR,Rental cash-out refinance,EN,https://stonehavencre.com/dscr/cash-out-refinance,https://stonehavencre.com/dscr/cash-out-refinance?utm_source=facebook&utm_medium=paid&utm_campaign=dscr_personas&utm_content=DSCR-A008_R01_V01_EN,LIVE
DSCR-A009,DSCR,Cash buyers refinancing,EN,https://stonehavencre.com/dscr/cash-purchase-refinance,https://stonehavencre.com/dscr/cash-purchase-refinance?utm_source=facebook&utm_medium=paid&utm_campaign=dscr_personas&utm_content=DSCR-A009_R01_V01_EN,LIVE
DSCR-A010,DSCR,Rental cash-out refinance,EN,https://stonehavencre.com/dscr/cash-out-refinance,https://stonehavencre.com/dscr/cash-out-refinance?utm_source=facebook&utm_medium=paid&utm_campaign=dscr_personas&utm_content=DSCR-A010_R01_V01_EN,LIVE
DSCR-A011,DSCR,Bridge and hard-money refinance,EN,https://stonehavencre.com/dscr/bridge-loan-refinance,https://stonehavencre.com/dscr/bridge-loan-refinance?utm_source=facebook&utm_medium=paid&utm_campaign=dscr_personas&utm_content=DSCR-A011_R01_V01_EN,LIVE
DSCR-A012,DSCR,BRRRR refinance planning,EN,https://stonehavencre.com/dscr/brrrr-refinance,https://stonehavencre.com/dscr/brrrr-refinance?utm_source=facebook&utm_medium=paid&utm_campaign=dscr_personas&utm_content=DSCR-A012_R01_V01_EN,LIVE
DSCR-A013,DSCR,Bridge and hard-money refinance,EN,https://stonehavencre.com/dscr/bridge-loan-refinance,https://stonehavencre.com/dscr/bridge-loan-refinance?utm_source=facebook&utm_medium=paid&utm_campaign=dscr_personas&utm_content=DSCR-A013_R01_V01_EN,LIVE
DSCR-A014,DSCR,Bridge and hard-money refinance,EN,https://stonehavencre.com/dscr/bridge-loan-refinance,https://stonehavencre.com/dscr/bridge-loan-refinance?utm_source=facebook&utm_medium=paid&utm_campaign=dscr_personas&utm_content=DSCR-A014_R01_V01_EN,LIVE
DSCR-A015,DSCR,Rate-and-term refinance,EN,https://stonehavencre.com/dscr/rate-and-term-refinance,https://stonehavencre.com/dscr/rate-and-term-refinance?utm_source=facebook&utm_medium=paid&utm_campaign=dscr_personas&utm_content=DSCR-A015_R01_V01_EN,LIVE
DSCR-A016,DSCR,Hold-or-sell decisions,EN,https://stonehavencre.com/dscr/hold-or-sell,https://stonehavencre.com/dscr/hold-or-sell?utm_source=facebook&utm_medium=paid&utm_campaign=dscr_personas&utm_content=DSCR-A016_R01_V01_EN,LIVE
DSCR-A017,DSCR,Out-of-state investors,EN,https://stonehavencre.com/dscr/out-of-state-investors,https://stonehavencre.com/dscr/out-of-state-investors?utm_source=facebook&utm_medium=paid&utm_campaign=dscr_personas&utm_content=DSCR-A017_R01_V01_EN,LIVE
DSCR-A018,DSCR,Experienced landlords,EN,https://stonehavencre.com/dscr/experienced-landlords,https://stonehavencre.com/dscr/experienced-landlords?utm_source=facebook&utm_medium=paid&utm_campaign=dscr_personas&utm_content=DSCR-A018_R01_V01_EN,LIVE
DSCR-A019,DSCR,Experienced landlords,EN,https://stonehavencre.com/dscr/experienced-landlords,https://stonehavencre.com/dscr/experienced-landlords?utm_source=facebook&utm_medium=paid&utm_campaign=dscr_personas&utm_content=DSCR-A019_R01_V01_EN,LIVE
DSCR-A020,DSCR,Experienced landlords,EN,https://stonehavencre.com/dscr/experienced-landlords,https://stonehavencre.com/dscr/experienced-landlords?utm_source=facebook&utm_medium=paid&utm_campaign=dscr_personas&utm_content=DSCR-A020_R01_V01_EN,LIVE
DSCR-A021,DSCR,Short-term rental operators,EN,https://stonehavencre.com/dscr/short-term-rentals,https://stonehavencre.com/dscr/short-term-rentals?utm_source=facebook&utm_medium=paid&utm_campaign=dscr_personas&utm_content=DSCR-A021_R01_V01_EN,LIVE
DSCR-A022,DSCR,Long-term rental owners,EN,https://stonehavencre.com/dscr/long-term-rentals,https://stonehavencre.com/dscr/long-term-rentals?utm_source=facebook&utm_medium=paid&utm_campaign=dscr_personas&utm_content=DSCR-A022_R01_V01_EN,LIVE
DSCR-A023,DSCR,2-4 unit investors,EN,https://stonehavencre.com/dscr/2-4-unit-properties,https://stonehavencre.com/dscr/2-4-unit-properties?utm_source=facebook&utm_medium=paid&utm_campaign=dscr_personas&utm_content=DSCR-A023_R01_V01_EN,LIVE
DSCR-A024,DSCR,LLC and partnership owners,EN,https://stonehavencre.com/dscr/llc-investors,https://stonehavencre.com/dscr/llc-investors?utm_source=facebook&utm_medium=paid&utm_campaign=dscr_personas&utm_content=DSCR-A024_R01_V01_EN,LIVE
DSCR-A025,DSCR,Rate-and-term refinance,EN,https://stonehavencre.com/dscr/rate-and-term-refinance,https://stonehavencre.com/dscr/rate-and-term-refinance?utm_source=facebook&utm_medium=paid&utm_campaign=dscr_personas&utm_content=DSCR-A025_R01_V01_EN,LIVE
DSCR-A026,DSCR,Veteran investors,EN,https://stonehavencre.com/dscr/veteran-investors,https://stonehavencre.com/dscr/veteran-investors?utm_source=facebook&utm_medium=paid&utm_campaign=dscr_personas&utm_content=DSCR-A026_R01_V01_EN,LIVE
DSCR-A027,DSCR,Spanish-preferring investors,ES,https://stonehavencre.com/es/dscr,https://stonehavencre.com/es/dscr?utm_source=facebook&utm_medium=paid&utm_campaign=dscr_personas&utm_content=DSCR-A027_R01_V01_ES,LIVE
DSCR-A028,DSCR,Long-term rental owners,EN,https://stonehavencre.com/dscr/long-term-rentals,https://stonehavencre.com/dscr/long-term-rentals?utm_source=facebook&utm_medium=paid&utm_campaign=dscr_personas&utm_content=DSCR-A028_R01_V01_EN,LIVE
DSCR-A029,DSCR,Rental cash-out refinance,EN,https://stonehavencre.com/dscr/cash-out-refinance,https://stonehavencre.com/dscr/cash-out-refinance?utm_source=facebook&utm_medium=paid&utm_campaign=dscr_personas&utm_content=DSCR-A029_R01_V01_EN,LIVE
DSCR-A030,DSCR,Portfolio growth,EN,https://stonehavencre.com/dscr/portfolio-growth,https://stonehavencre.com/dscr/portfolio-growth?utm_source=facebook&utm_medium=paid&utm_campaign=dscr_personas&utm_content=DSCR-A030_R01_V01_EN,LIVE
HELOC-AD-no-credit-hit-check,HELOC,NO CREDIT HIT CHECK,EN,https://stonehavencre.com/heloc/no-credit-impact,https://stonehavencre.com/heloc/no-credit-impact?utm_source=facebook&utm_medium=paid&utm_campaign=heloc_new_lps&utm_content=no-credit-hit-check,LIVE
HELOC-AD-fico-floor,HELOC,FICO FLOOR,EN,https://stonehavencre.com/heloc/terms-stated-plainly,https://stonehavencre.com/heloc/terms-stated-plainly?utm_source=facebook&utm_medium=paid&utm_campaign=heloc_new_lps&utm_content=fico-floor,LIVE
HELOC-AD-amount-ladder,HELOC,AMOUNT LADDER,EN,https://stonehavencre.com/heloc/how-much-equity,https://stonehavencre.com/heloc/how-much-equity?utm_source=facebook&utm_medium=paid&utm_campaign=heloc_new_lps&utm_content=amount-ladder,LIVE
HELOC-AD-home-improvement,HELOC,HOME IMPROVEMENT,EN,https://stonehavencre.com/heloc/renovate-keep-your-rate,https://stonehavencre.com/heloc/renovate-keep-your-rate?utm_source=facebook&utm_medium=paid&utm_campaign=heloc_new_lps&utm_content=home-improvement,LIVE
HELOC-AD-avm-speed,HELOC,AVM SPEED,EN,https://stonehavencre.com/heloc/home-value-estimate,https://stonehavencre.com/heloc/home-value-estimate?utm_source=facebook&utm_medium=paid&utm_campaign=heloc_new_lps&utm_content=avm-speed,LIVE
HELOC-AD-veteran-equity,HELOC,VETERAN EQUITY,EN,https://stonehavencre.com/heloc/veteran-equity,https://stonehavencre.com/heloc/veteran-equity?utm_source=facebook&utm_medium=paid&utm_campaign=heloc_new_lps&utm_content=veteran-equity,LIVE
HELOC-AD-debt-consolidation,HELOC,DEBT CONSOLIDATION,EN,https://stonehavencre.com/heloc/one-payment,https://stonehavencre.com/heloc/one-payment?utm_source=facebook&utm_medium=paid&utm_campaign=heloc_new_lps&utm_content=debt-consolidation&intent=consolidation,LIVE
HELOC-AD-explainer,HELOC,EXPLAINER,EN,https://stonehavencre.com/heloc/cash-out-refi-or-heloc,https://stonehavencre.com/heloc/cash-out-refi-or-heloc?utm_source=facebook&utm_medium=paid&utm_campaign=heloc_new_lps&utm_content=explainer,LIVE
HELOC-AD-lock-in-hero,HELOC,LOCK IN HERO,EN,https://stonehavencre.com/heloc/keep-your-rate,https://stonehavencre.com/heloc/keep-your-rate?utm_source=facebook&utm_medium=paid&utm_campaign=heloc_new_lps&utm_content=lock-in-hero,LIVE
