priority,buyer_question,owner_url,supporting_url,conversion_destination,reason
1,construction financing for land I already own,/commercial/construction-loans,/blog/construction-loan-property-already-owned-mortgage-payoff,/commercial/construction-loans#inquire,Land position and payoff are distinct from the build budget
1,100 percent LTC construction loan cash needed,/commercial/construction-loans,/blog/100-ltc-construction-loans-builder-cash-needed,/commercial/construction-loans#inquire,High leverage needs a cash timing explanation
1,teardown rebuild financing,/commercial/construction-loans,/blog/atlanta-teardown-rebuild-construction-financing,/commercial/construction-loans#inquire,Separate purchase demolition and new construction
1,financing purchase and renovation to flip,/commercial/fix-and-flip,/resources/investment-property-deal-checklist,/commercial/fix-and-flip#inquire,Connect scope draw timing and resale
1,commercial loan maturity refinance shortfall,/commercial/bridge-loans,/resources/commercial-refinance-guide,/commercial/bridge-loans#inquire,Payoff and takeout capacity drive the next decision
1,bridge loan versus permanent commercial financing,/commercial/bridge-loans,/resources/bridge-vs-permanent-financing,/commercial/bridge-loans#inquire,Property readiness and exit distinguish the paths
1,land development loan for subdivision,/commercial/land-development-loans,/blog/subdivision-loan-lot-release-prices,/commercial/land-development-loans#inquire,Link infrastructure timing to lot-sale proceeds
1,apartment acquisition financing,/commercial/multifamily-acquisition,/resources/how-lenders-size-commercial-loans,/commercial#inquire,Distinguish current operations from future NOI
1,financing a five to eight unit apartment building,/commercial/5-8-unit-financing,/dscr-program-calculator,/commercial#inquire,Avoid treating calculator assumptions as program eligibility
2,how much can a commercial property borrow,/resources/how-lenders-size-commercial-loans,/commercial-loan-calculator,/commercial#inquire,Show competing constraints rather than one leverage number
2,commercial refinance cash in gap,/resources/commercial-refinance-guide,/blog/commercial-refinance-cash-in-gap,/commercial#inquire,Separate new proceeds from payoff costs and reserves
2,commercial property loan DSCR and debt yield,/resources/how-lenders-size-commercial-loans,/calculation-methodology,/commercial#inquire,Clarify the definitions behind the estimate
2,mixed use building financing,/commercial/mixed-use,/resources/bridge-vs-permanent-financing,/commercial#inquire,Residential and commercial income need a combined review
2,commercial property financing Georgia,/commercial/georgia,/commercial/construction-loans,/commercial#inquire,Existing geographic page owns the local question
2,architect client development financing,/commercial/development-financing-for-architects,/commercial/land-development-loans,/commercial#inquire,Connect project stage design and funding review
2,architect construction financing partner,/commercial/construction-financing-for-architects,/commercial/construction-loans,/commercial#inquire,Coordinate client design and budget without referral-fee promises
2,DSCR refinance after rehab,/dscr/bridge-loan-refinance,/dscr-analyzer,/dscr-review,Rental takeout differs from general CRE bridge
2,rental property cash flow versus DSCR,/dscr,/dscr-analyzer,/dscr-review,Existing pillar explains qualification versus investor cash flow
